email_id,subject,body,category
email-001,"Missed waste pickup - Green Park","Hello CleanCity Services, my address is 17 Green Park. Our household waste was not collected today even though the truck normally comes on this day. Please arrange a pickup. This is a synthetic example email #1 created for dataset testing. Please provide an update when convenient.","Missed Pickup"
email-002,"Holiday collection schedule - Central Avenue","Hello CleanCity Services, my address is 24 Central Avenue. Will the waste collection schedule change because of the upcoming public holiday? Please provide the revised collection date. This is a synthetic example email #2 created for dataset testing. Please provide an update when convenient.","Schedule Change"
email-003,"Overflowing public bin - Model Town","Hello CleanCity Services, my address is 31 Model Town. A public waste bin near our street has been overflowing for several days. Please arrange cleaning and collection. This is a synthetic example email #3 created for dataset testing. Please provide an update when convenient.","Complaint"
email-004,"General waste service question - River Road","Hello CleanCity Services, my address is 38 River Road. Where can I find information about waste collection rules, accepted materials, and recycling services? This is a synthetic example email #4 created for dataset testing. Please provide an update when convenient.","Other"
email-005,"Missed waste pickup - Garden Block","Hello CleanCity Services, my address is 45 Garden Block. Our household waste was not collected today even though the truck normally comes on this day. Please arrange a pickup. This is a synthetic example email #5 created for dataset testing. Please provide an update when convenient.","Missed Pickup"
email-006,"Holiday collection schedule - North Street","Hello CleanCity Services, my address is 52 North Street. Will the waste collection schedule change because of the upcoming public holiday? Please provide the revised collection date. This is a synthetic example email #6 created for dataset testing. Please provide an update when convenient.","Schedule Change"
email-007,"Overflowing public bin - Civic Colony","Hello CleanCity Services, my address is 59 Civic Colony. A public waste bin near our street has been overflowing for several days. Please arrange cleaning and collection. This is a synthetic example email #7 created for dataset testing. Please provide an update when convenient.","Complaint"
email-008,"General waste service question - University Road","Hello CleanCity Services, my address is 66 University Road. Where can I find information about waste collection rules, accepted materials, and recycling services? This is a synthetic example email #8 created for dataset testing. Please provide an update when convenient.","Other"
email-009,"Missed waste pickup - Market Area","Hello CleanCity Services, my address is 73 Market Area. Our household waste was not collected today even though the truck normally comes on this day. Please arrange a pickup. This is a synthetic example email #9 created for dataset testing. Please provide an update when convenient.","Missed Pickup"
email-010,"Holiday collection schedule - Hill View","Hello CleanCity Services, my address is 80 Hill View. Will the waste collection schedule change because of the upcoming public holiday? Please provide the revised collection date. This is a synthetic example email #10 created for dataset testing. Please provide an update when convenient.","Schedule Change"
email-011,"Overflowing public bin - Green Park","Hello CleanCity Services, my address is 87 Green Park. A public waste bin near our street has been overflowing for several days. Please arrange cleaning and collection. This is a synthetic example email #11 created for dataset testing. Please provide an update when convenient.","Complaint"
email-012,"General waste service question - Central Avenue","Hello CleanCity Services, my address is 94 Central Avenue. Where can I find information about waste collection rules, accepted materials, and recycling services? This is a synthetic example email #12 created for dataset testing. Please provide an update when convenient.","Other"
email-013,"Missed waste pickup - Model Town","Hello CleanCity Services, my address is 11 Model Town. Our household waste was not collected today even though the truck normally comes on this day. Please arrange a pickup. This is a synthetic example email #13 created for dataset testing. Please provide an update when convenient.","Missed Pickup"
email-014,"Holiday collection schedule - River Road","Hello CleanCity Services, my address is 18 River Road. Will the waste collection schedule change because of the upcoming public holiday? Please provide the revised collection date. This is a synthetic example email #14 created for dataset testing. Please provide an update when convenient.","Schedule Change"
email-015,"Overflowing public bin - Garden Block","Hello CleanCity Services, my address is 25 Garden Block. A public waste bin near our street has been overflowing for several days. Please arrange cleaning and collection. This is a synthetic example email #15 created for dataset testing. Please provide an update when convenient.","Complaint"
email-016,"General waste service question - North Street","Hello CleanCity Services, my address is 32 North Street. Where can I find information about waste collection rules, accepted materials, and recycling services? This is a synthetic example email #16 created for dataset testing. Please provide an update when convenient.","Other"
email-017,"Missed waste pickup - Civic Colony","Hello CleanCity Services, my address is 39 Civic Colony. Our household waste was not collected today even though the truck normally comes on this day. Please arrange a pickup. This is a synthetic example email #17 created for dataset testing. Please provide an update when convenient.","Missed Pickup"
email-018,"Holiday collection schedule - University Road","Hello CleanCity Services, my address is 46 University Road. Will the waste collection schedule change because of the upcoming public holiday? Please provide the revised collection date. This is a synthetic example email #18 created for dataset testing. Please provide an update when convenient.","Schedule Change"
email-019,"Overflowing public bin - Market Area","Hello CleanCity Services, my address is 53 Market Area. A public waste bin near our street has been overflowing for several days. Please arrange cleaning and collection. This is a synthetic example email #19 created for dataset testing. Please provide an update when convenient.","Complaint"
email-020,"General waste service question - Hill View","Hello CleanCity Services, my address is 60 Hill View. Where can I find information about waste collection rules, accepted materials, and recycling services? This is a synthetic example email #20 created for dataset testing. Please provide an update when convenient.","Other"
email-021,"Missed waste pickup - Green Park","Hello CleanCity Services, my address is 67 Green Park. Our household waste was not collected today even though the truck normally comes on this day. Please arrange a pickup. This is a synthetic example email #21 created for dataset testing. Please provide an update when convenient.","Missed Pickup"
email-022,"Holiday collection schedule - Central Avenue","Hello CleanCity Services, my address is 74 Central Avenue. Will the waste collection schedule change because of the upcoming public holiday? Please provide the revised collection date. This is a synthetic example email #22 created for dataset testing. Please provide an update when convenient.","Schedule Change"
email-023,"Overflowing public bin - Model Town","Hello CleanCity Services, my address is 81 Model Town. A public waste bin near our street has been overflowing for several days. Please arrange cleaning and collection. This is a synthetic example email #23 created for dataset testing. Please provide an update when convenient.","Complaint"
email-024,"General waste service question - River Road","Hello CleanCity Services, my address is 88 River Road. Where can I find information about waste collection rules, accepted materials, and recycling services? This is a synthetic example email #24 created for dataset testing. Please provide an update when convenient.","Other"
email-025,"Missed waste pickup - Garden Block","Hello CleanCity Services, my address is 95 Garden Block. Our household waste was not collected today even though the truck normally comes on this day. Please arrange a pickup. This is a synthetic example email #25 created for dataset testing. Please provide an update when convenient.","Missed Pickup"
email-026,"Holiday collection schedule - North Street","Hello CleanCity Services, my address is 12 North Street. Will the waste collection schedule change because of the upcoming public holiday? Please provide the revised collection date. This is a synthetic example email #26 created for dataset testing. Please provide an update when convenient.","Schedule Change"
email-027,"Overflowing public bin - Civic Colony","Hello CleanCity Services, my address is 19 Civic Colony. A public waste bin near our street has been overflowing for several days. Please arrange cleaning and collection. This is a synthetic example email #27 created for dataset testing. Please provide an update when convenient.","Complaint"
email-028,"General waste service question - University Road","Hello CleanCity Services, my address is 26 University Road. Where can I find information about waste collection rules, accepted materials, and recycling services? This is a synthetic example email #28 created for dataset testing. Please provide an update when convenient.","Other"
email-029,"Missed waste pickup - Market Area","Hello CleanCity Services, my address is 33 Market Area. Our household waste was not collected today even though the truck normally comes on this day. Please arrange a pickup. This is a synthetic example email #29 created for dataset testing. Please provide an update when convenient.","Missed Pickup"
email-030,"Holiday collection schedule - Hill View","Hello CleanCity Services, my address is 40 Hill View. Will the waste collection schedule change because of the upcoming public holiday? Please provide the revised collection date. This is a synthetic example email #30 created for dataset testing. Please provide an update when convenient.","Schedule Change"
email-031,"Overflowing public bin - Green Park","Hello CleanCity Services, my address is 47 Green Park. A public waste bin near our street has been overflowing for several days. Please arrange cleaning and collection. This is a synthetic example email #31 created for dataset testing. Please provide an update when convenient.","Complaint"
email-032,"General waste service question - Central Avenue","Hello CleanCity Services, my address is 54 Central Avenue. Where can I find information about waste collection rules, accepted materials, and recycling services? This is a synthetic example email #32 created for dataset testing. Please provide an update when convenient.","Other"
email-033,"Missed waste pickup - Model Town","Hello CleanCity Services, my address is 61 Model Town. Our household waste was not collected today even though the truck normally comes on this day. Please arrange a pickup. This is a synthetic example email #33 created for dataset testing. Please provide an update when convenient.","Missed Pickup"
email-034,"Holiday collection schedule - River Road","Hello CleanCity Services, my address is 68 River Road. Will the waste collection schedule change because of the upcoming public holiday? Please provide the revised collection date. This is a synthetic example email #34 created for dataset testing. Please provide an update when convenient.","Schedule Change"
email-035,"Overflowing public bin - Garden Block","Hello CleanCity Services, my address is 75 Garden Block. A public waste bin near our street has been overflowing for several days. Please arrange cleaning and collection. This is a synthetic example email #35 created for dataset testing. Please provide an update when convenient.","Complaint"
email-036,"General waste service question - North Street","Hello CleanCity Services, my address is 82 North Street. Where can I find information about waste collection rules, accepted materials, and recycling services? This is a synthetic example email #36 created for dataset testing. Please provide an update when convenient.","Other"
email-037,"Missed waste pickup - Civic Colony","Hello CleanCity Services, my address is 89 Civic Colony. Our household waste was not collected today even though the truck normally comes on this day. Please arrange a pickup. This is a synthetic example email #37 created for dataset testing. Please provide an update when convenient.","Missed Pickup"
email-038,"Holiday collection schedule - University Road","Hello CleanCity Services, my address is 96 University Road. Will the waste collection Schedule Change because of the upcoming public holiday? Please provide the revised collection date. This is a synthetic example email #38 created for dataset testing. Please provide an update when convenient.","Schedule Change"
email-039,"Overflowing public bin - Market Area","Hello CleanCity Services, my address is 13 Market Area. A public waste bin near our street has been overflowing for several days. Please arrange cleaning and collection. This is a synthetic example email #39 created for dataset testing. Please provide an update when convenient.","Complaint"
email-040,"General waste service question - Hill View","Hello CleanCity Services, my address is 20 Hill View. Where can I find information about waste collection rules, accepted materials, and recycling services? This is a synthetic example email #40 created for dataset testing. Please provide an update when convenient.","Other"
email-041,"Missed waste pickup - Green Park","Hello CleanCity Services, my address is 27 Green Park. Our household waste was not collected today even though the truck normally comes on this day. Please arrange a pickup. This is a synthetic example email #41 created for dataset testing. Please provide an update when convenient.","Missed Pickup"
email-042,"Holiday collection schedule - Central Avenue","Hello CleanCity Services, my address is 34 Central Avenue. Will the waste collection schedule change because of the upcoming public holiday? Please provide the revised collection date. This is a synthetic example email #42 created for dataset testing. Please provide an update when convenient.","Schedule Change"
email-043,"Overflowing public bin - Model Town","Hello CleanCity Services, my address is 41 Model Town. A public waste bin near our street has been overflowing for several days. Please arrange cleaning and collection. This is a synthetic example email #43 created for dataset testing. Please provide an update when convenient.","Complaint"
email-044,"General waste service question - River Road","Hello CleanCity Services, my address is 48 River Road. Where can I find information about waste collection rules, accepted materials, and recycling services? This is a synthetic example email #44 created for dataset testing. Please provide an update when convenient.","Other"
email-045,"Missed waste pickup - Garden Block","Hello CleanCity Services, my address is 55 Garden Block. Our household waste was not collected today even though the truck normally comes on this day. Please arrange a pickup. This is a synthetic example email #45 created for dataset testing. Please provide an update when convenient.","Missed Pickup"
email-046,"Holiday collection schedule - North Street","Hello CleanCity Services, my address is 62 North Street. Will the waste collection schedule change because of the upcoming public holiday? Please provide the revised collection date. This is a synthetic example email #46 created for dataset testing. Please provide an update when convenient.","Schedule Change"
email-047,"Overflowing public bin - Civic Colony","Hello CleanCity Services, my address is 69 Civic Colony. A public waste bin near our street has been overflowing for several days. Please arrange cleaning and collection. This is a synthetic example email #47 created for dataset testing. Please provide an update when convenient.","Complaint"
email-048,"General waste service question - University Road","Hello CleanCity Services, my address is 76 University Road. Where can I find information about waste collection rules, accepted materials, and recycling services? This is a synthetic example email #48 created for dataset testing. Please provide an update when convenient.","Other"
email-049,"Missed waste pickup - Market Area","Hello CleanCity Services, my address is 83 Market Area. Our household waste was not collected today even though the truck normally comes on this day. Please arrange a pickup. This is a synthetic example email #49 created for dataset testing. Please provide an update when convenient.","Missed Pickup"
email-050,"Holiday collection schedule - Hill View","Hello CleanCity Services, my address is 90 Hill View. Will the waste collection schedule change because of the upcoming public holiday? Please provide the revised collection date. This is a synthetic example email #50 created for dataset testing. Please provide an update when convenient.","Schedule Change"
email-051,"Overflowing public bin - Green Park","Hello CleanCity Services, my address is 97 Green Park. A public waste bin near our street has been overflowing for several days. Please arrange cleaning and collection. This is a synthetic example email #51 created for dataset testing. Please provide an update when convenient.","Complaint"
email-052,"General waste service question - Central Avenue","Hello CleanCity Services, my address is 14 Central Avenue. Where can I find information about waste collection rules, accepted materials, and recycling services? This is a synthetic example email #52 created for dataset testing. Please provide an update when convenient.","Other"
email-053,"Missed waste pickup - Model Town","Hello CleanCity Services, my address is 21 Model Town. Our household waste was not collected today even though the truck normally comes on this day. Please arrange a pickup. This is a synthetic example email #53 created for dataset testing. Please provide an update when convenient.","Missed Pickup"
email-054,"Holiday collection schedule - River Road","Hello CleanCity Services, my address is 28 River Road. Will the waste collection schedule change because of the upcoming public holiday? Please provide the revised collection date. This is a synthetic example email #54 created for dataset testing. Please provide an update when convenient.","Schedule Change"
email-055,"Overflowing public bin - Garden Block","Hello CleanCity Services, my address is 35 Garden Block. A public waste bin near our street has been overflowing for several days. Please arrange cleaning and collection. This is a synthetic example email #55 created for dataset testing. Please provide an update when convenient.","Complaint"
email-056,"General waste service question - North Street","Hello CleanCity Services, my address is 42 North Street. Where can I find information about waste collection rules, accepted materials, and recycling services? This is a synthetic example email #56 created for dataset testing. Please provide an update when convenient.","Other"
email-057,"Missed waste pickup - Civic Colony","Hello CleanCity Services, my address is 49 Civic Colony. Our household waste was not collected today even though the truck normally comes on this day. Please arrange a pickup. This is a synthetic example email #57 created for dataset testing. Please provide an update when convenient.","Missed Pickup"
email-058,"Holiday collection schedule - University Road","Hello CleanCity Services, my address is 56 University Road. Will the waste collection schedule change because of the upcoming public holiday? Please provide the revised collection date. This is a synthetic example email #58 created for dataset testing. Please provide an update when convenient.","Schedule Change"
email-059,"Overflowing public bin - Market Area","Hello CleanCity Services, my address is 63 Market Area. A public waste bin near our street has been overflowing for several days. Please arrange cleaning and collection. This is a synthetic example email #59 created for dataset testing. Please provide an update when convenient.","Complaint"
email-060,"General waste service question - Hill View","Hello CleanCity Services, my address is 70 Hill View. Where can I find information about waste collection rules, accepted materials, and recycling services? This is a synthetic example email #60 created for dataset testing. Please provide an update when convenient.","Other"
email-061,"Missed waste pickup - Green Park","Hello CleanCity Services, my address is 77 Green Park. Our household waste was not collected today even though the truck normally comes on this day. Please arrange a pickup. This is a synthetic example email #61 created for dataset testing. Please provide an update when convenient.","Missed Pickup"
email-062,"Holiday collection schedule - Central Avenue","Hello CleanCity Services, my address is 84 Central Avenue. Will the waste collection schedule change because of the upcoming public holiday? Please provide the revised collection date. This is a synthetic example email #62 created for dataset testing. Please provide an update when convenient.","Schedule Change"
email-063,"Overflowing public bin - Model Town","Hello CleanCity Services, my address is 91 Model Town. A public waste bin near our street has been overflowing for several days. Please arrange cleaning and collection. This is a synthetic example email #63 created for dataset testing. Please provide an update when convenient.","Complaint"
email-064,"General waste service question - River Road","Hello CleanCity Services, my address is 98 River Road. Where can I find information about waste collection rules, accepted materials, and recycling services? This is a synthetic example email #64 created for dataset testing. Please provide an update when convenient.","Other"
email-065,"Missed waste pickup - Garden Block","Hello CleanCity Services, my address is 15 Garden Block. Our household waste was not collected today even though the truck normally comes on this day. Please arrange a pickup. This is a synthetic example email #65 created for dataset testing. Please provide an update when convenient.","Missed Pickup"
email-066,"Holiday collection schedule - North Street","Hello CleanCity Services, my address is 22 North Street. Will the waste collection schedule change because of the upcoming public holiday? Please provide the revised collection date. This is a synthetic example email #66 created for dataset testing. Please provide an update when convenient.","Schedule Change"
email-067,"Overflowing public bin - Civic Colony","Hello CleanCity Services, my address is 29 Civic Colony. A public waste bin near our street has been overflowing for several days. Please arrange cleaning and collection. This is a synthetic example email #67 created for dataset testing. Please provide an update when convenient.","Complaint"
email-068,"General waste service question - University Road","Hello CleanCity Services, my address is 36 University Road. Where can I find information about waste collection rules, accepted materials, and recycling services? This is a synthetic example email #68 created for dataset testing. Please provide an update when convenient.","Other"
email-069,"Missed waste pickup - Market Area","Hello CleanCity Services, my address is 43 Market Area. Our household waste was not collected today even though the truck normally comes on this day. Please arrange a pickup. This is a synthetic example email #69 created for dataset testing. Please provide an update when convenient.","Missed Pickup"
email-070,"Holiday collection schedule - Hill View","Hello CleanCity Services, my address is 50 Hill View. Will the waste collection schedule change because of the upcoming public holiday? Please provide the revised collection date. This is a synthetic example email #70 created for dataset testing. Please provide an update when convenient.","Schedule Change"
email-071,"Overflowing public bin - Green Park","Hello CleanCity Services, my address is 57 Green Park. A public waste bin near our street has been overflowing for several days. Please arrange cleaning and collection. This is a synthetic example email #71 created for dataset testing. Please provide an update when convenient.","Complaint"
email-072,"General waste service question - Central Avenue","Hello CleanCity Services, my address is 64 Central Avenue. Where can I find information about waste collection rules, accepted materials, and recycling services? This is a synthetic example email #72 created for dataset testing. Please provide an update when convenient.","Other"
email-073,"Missed waste pickup - Model Town","Hello CleanCity Services, my address is 71 Model Town. Our household waste was not collected today even though the truck normally comes on this day. Please arrange a pickup. This is a synthetic example email #73 created for dataset testing. Please provide an update when convenient.","Missed Pickup"
email-074,"Holiday collection schedule - River Road","Hello CleanCity Services, my address is 78 River Road. Will the waste collection schedule change because of the upcoming public holiday? Please provide the revised collection date. This is a synthetic example email #74 created for dataset testing. Please provide an update when convenient.","Schedule Change"
email-075,"Overflowing public bin - Garden Block","Hello CleanCity Services, my address is 85 Garden Block. A public waste bin near our street has been overflowing for several days. Please arrange cleaning and collection. This is a synthetic example email #75 created for dataset testing. Please provide an update when convenient.","Complaint"
email-076,"General waste service question - North Street","Hello CleanCity Services, my address is 92 North Street. Where can I find information about waste collection rules, accepted materials, and recycling services? This is a synthetic example email #76 created for dataset testing. Please provide an update when convenient.","Other"
email-077,"Missed waste pickup - Civic Colony","Hello CleanCity Services, my address is 99 Civic Colony. Our household waste was not collected today even though the truck normally comes on this day. Please arrange a pickup. This is a synthetic example email #77 created for dataset testing. Please provide an update when convenient.","Missed Pickup"
email-078,"Holiday collection schedule - University Road","Hello CleanCity Services, my address is 16 University Road. Will the waste collection schedule change because of the upcoming public holiday? Please provide the revised collection date. This is a synthetic example email #78 created for dataset testing. Please provide an update when convenient.","Schedule Change"
email-079,"Overflowing public bin - Market Area","Hello CleanCity Services, my address is 23 Market Area. A public waste bin near our street has been overflowing for several days. Please arrange cleaning and collection. This is a synthetic example email #79 created for dataset testing. Please provide an update when convenient.","Complaint"
email-080,"General waste service question - Hill View","Hello CleanCity Services, my address is 30 Hill View. Where can I find information about waste collection rules, accepted materials, and recycling services? This is a synthetic example email #80 created for dataset testing. Please provide an update when convenient.","Other"
email-081,"Missed waste pickup - Green Park","Hello CleanCity Services, my address is 37 Green Park. Our household waste was not collected today even though the truck normally comes on this day. Please arrange a pickup. This is a synthetic example email #81 created for dataset testing. Please provide an update when convenient.","Missed Pickup"
email-082,"Holiday collection schedule - Central Avenue","Hello CleanCity Services, my address is 44 Central Avenue. Will the waste collection schedule change because of the upcoming public holiday? Please provide the revised collection date. This is a synthetic example email #82 created for dataset testing. Please provide an update when convenient.","Schedule Change"
email-083,"Overflowing public bin - Model Town","Hello CleanCity Services, my address is 51 Model Town. A public waste bin near our street has been overflowing for several days. Please arrange cleaning and collection. This is a synthetic example email #83 created for dataset testing. Please provide an update when convenient.","Complaint"
email-084,"General waste service question - River Road","Hello CleanCity Services, my address is 58 River Road. Where can I find information about waste collection rules, accepted materials, and recycling services? This is a synthetic example email #84 created for dataset testing. Please provide an update when convenient.","Other"
email-085,"Missed waste pickup - Garden Block","Hello CleanCity Services, my address is 65 Garden Block. Our household waste was not collected today even though the truck normally comes on this day. Please arrange a pickup. This is a synthetic example email #85 created for dataset testing. Please provide an update when convenient.","Missed Pickup"
email-086,"Holiday collection schedule - North Street","Hello CleanCity Services, my address is 72 North Street. Will the waste collection schedule change because of the upcoming public holiday? Please provide the revised collection date. This is a synthetic example email #86 created for dataset testing. Please provide an update when convenient.","Schedule Change"
email-087,"Overflowing public bin - Civic Colony","Hello CleanCity Services, my address is 79 Civic Colony. A public waste bin near our street has been overflowing for several days. Please arrange cleaning and collection. This is a synthetic example email #87 created for dataset testing. Please provide an update when convenient.","Complaint"
email-088,"General waste service question - University Road","Hello CleanCity Services, my address is 86 University Road. Where can I find information about waste collection rules, accepted materials, and recycling services? This is a synthetic example email #88 created for dataset testing. Please provide an update when convenient.","Other"
email-089,"Missed waste pickup - Market Area","Hello CleanCity Services, my address is 93 Market Area. Our household waste was not collected today even though the truck normally comes on this day. Please arrange a pickup. This is a synthetic example email #89 created for dataset testing. Please provide an update when convenient.","Missed Pickup"
email-090,"Holiday collection schedule - Hill View","Hello CleanCity Services, my address is 10 Hill View. Will the waste collection schedule change because of the upcoming public holiday? Please provide the revised collection date. This is a synthetic example email #90 created for dataset testing. Please provide an update when convenient.","Schedule Change"
email-091,"Overflowing public bin - Green Park","Hello CleanCity Services, my address is 17 Green Park. A public waste bin near our street has been overflowing for several days. Please arrange cleaning and collection. This is a synthetic example email #91 created for dataset testing. Please provide an update when convenient.","Complaint"
email-092,"General waste service question - Central Avenue","Hello CleanCity Services, my address is 24 Central Avenue. Where can I find information about waste collection rules, accepted materials, and recycling services? This is a synthetic example email #92 created for dataset testing. Please provide an update when convenient.","Other"
email-093,"Missed waste pickup - Model Town","Hello CleanCity Services, my address is 31 Model Town. Our household waste was not collected today even though the truck normally comes on this day. Please arrange a pickup. This is a synthetic example email #93 created for dataset testing. Please provide an update when convenient.","Missed Pickup"
email-094,"Holiday collection schedule - River Road","Hello CleanCity Services, my address is 38 River Road. Will the waste collection schedule change because of the upcoming public holiday? Please provide the revised collection date. This is a synthetic example email #94 created for dataset testing. Please provide an update when convenient.","Schedule Change"
email-095,"Overflowing public bin - Garden Block","Hello CleanCity Services, my address is 45 Garden Block. A public waste bin near our street has been overflowing for several days. Please arrange cleaning and collection. This is a synthetic example email #95 created for dataset testing. Please provide an update when convenient.","Complaint"
email-096,"General waste service question - North Street","Hello CleanCity Services, my address is 52 North Street. Where can I find information about waste collection rules, accepted materials, and recycling services? This is a synthetic example email #96 created for dataset testing. Please provide an update when convenient.","Other"
email-097,"Missed waste pickup - Civic Colony","Hello CleanCity Services, my address is 59 Civic Colony. Our household waste was not collected today even though the truck normally comes on this day. Please arrange a pickup. This is a synthetic example email #97 created for dataset testing. Please provide an update when convenient.","Missed Pickup"
email-098,"Holiday collection schedule - University Road","Hello CleanCity Services, my address is 66 University Road. Will the waste collection schedule change because of the upcoming public holiday? Please provide the revised collection date. This is a synthetic example email #98 created for dataset testing. Please provide an update when convenient.","Schedule Change"
email-099,"Overflowing public bin - Market Area","Hello CleanCity Services, my address is 73 Market Area. A public waste bin near our street has been overflowing for several days. Please arrange cleaning and collection. This is a synthetic example email #99 created for dataset testing. Please provide an update when convenient.","Complaint"
email-100,"General waste service question - Hill View","Hello CleanCity Services, my address is 80 Hill View. Where can I find information about waste collection rules, accepted materials, and recycling services? This is a synthetic example email #100 created for dataset testing. Please provide an update when convenient.","Other"
email-101,"Missed waste pickup - Green Park","Hello CleanCity Services, my address is 87 Green Park. Our household waste was not collected today even though the truck normally comes on this day. Please arrange a pickup. This is a synthetic example email #101 created for dataset testing. Please provide an update when convenient.","Missed Pickup"
email-102,"Holiday collection schedule - Central Avenue","Hello CleanCity Services, my address is 94 Central Avenue. Will the waste collection schedule change because of the upcoming public holiday? Please provide the revised collection date. This is a synthetic example email #102 created for dataset testing. Please provide an update when convenient.","Schedule Change"
email-103,"Overflowing public bin - Model Town","Hello CleanCity Services, my address is 11 Model Town. A public waste bin near our street has been overflowing for several days. Please arrange cleaning and collection. This is a synthetic example email #103 created for dataset testing. Please provide an update when convenient.","Complaint"
email-104,"General waste service question - River Road","Hello CleanCity Services, my address is 18 River Road. Where can I find information about waste collection rules, accepted materials, and recycling services? This is a synthetic example email #104 created for dataset testing. Please provide an update when convenient.","Other"
email-105,"Missed waste pickup - Garden Block","Hello CleanCity Services, my address is 25 Garden Block. Our household waste was not collected today even though the truck normally comes on this day. Please arrange a pickup. This is a synthetic example email #105 created for dataset testing. Please provide an update when convenient.","Missed Pickup"
email-106,"Holiday collection schedule - North Street","Hello CleanCity Services, my address is 32 North Street. Will the waste collection schedule change because of the upcoming public holiday? Please provide the revised collection date. This is a synthetic example email #106 created for dataset testing. Please provide an update when convenient.","Schedule Change"
email-107,"Overflowing public bin - Civic Colony","Hello CleanCity Services, my address is 39 Civic Colony. A public waste bin near our street has been overflowing for several days. Please arrange cleaning and collection. This is a synthetic example email #107 created for dataset testing. Please provide an update when convenient.","Complaint"
email-108,"General waste service question - University Road","Hello CleanCity Services, my address is 46 University Road. Where can I find information about waste collection rules, accepted materials, and recycling services? This is a synthetic example email #108 created for dataset testing. Please provide an update when convenient.","Other"
email-109,"Missed waste pickup - Market Area","Hello CleanCity Services, my address is 53 Market Area. Our household waste was not collected today even though the truck normally comes on this day. Please arrange a pickup. This is a synthetic example email #109 created for dataset testing. Please provide an update when convenient.","Missed Pickup"
email-110,"Holiday collection schedule - Hill View","Hello CleanCity Services, my address is 60 Hill View. Will the waste collection schedule change because of the upcoming public holiday? Please provide the revised collection date. This is a synthetic example email #110 created for dataset testing. Please provide an update when convenient.","Schedule Change"
email-111,"Overflowing public bin - Green Park","Hello CleanCity Services, my address is 67 Green Park. A public waste bin near our street has been overflowing for several days. Please arrange cleaning and collection. This is a synthetic example email #111 created for dataset testing. Please provide an update when convenient.","Complaint"
email-112,"General waste service question - Central Avenue","Hello CleanCity Services, my address is 74 Central Avenue. Where can I find information about waste collection rules, accepted materials, and recycling services? This is a synthetic example email #112 created for dataset testing. Please provide an update when convenient.","Other"
email-113,"Missed waste pickup - Model Town","Hello CleanCity Services, my address is 81 Model Town. Our household waste was not collected today even though the truck normally comes on this day. Please arrange a pickup. This is a synthetic example email #113 created for dataset testing. Please provide an update when convenient.","Missed Pickup"
email-114,"Holiday collection schedule - River Road","Hello CleanCity Services, my address is 88 River Road. Will the waste collection schedule change because of the upcoming public holiday? Please provide the revised collection date. This is a synthetic example email #114 created for dataset testing. Please provide an update when convenient.","Schedule Change"
email-115,"Overflowing public bin - Garden Block","Hello CleanCity Services, my address is 95 Garden Block. A public waste bin near our street has been overflowing for several days. Please arrange cleaning and collection. This is a synthetic example email #115 created for dataset testing. Please provide an update when convenient.","Complaint"
email-116,"General waste service question - North Street","Hello CleanCity Services, my address is 12 North Street. Where can I find information about waste collection rules, accepted materials, and recycling services? This is a synthetic example email #116 created for dataset testing. Please provide an update when convenient.","Other"
email-117,"Missed waste pickup - Civic Colony","Hello CleanCity Services, my address is 19 Civic Colony. Our household waste was not collected today even though the truck normally comes on this day. Please arrange a pickup. This is a synthetic example email #117 created for dataset testing. Please provide an update when convenient.","Missed Pickup"
email-118,"Holiday collection schedule - University Road","Hello CleanCity Services, my address is 26 University Road. Will the waste collection schedule change because of the upcoming public holiday? Please provide the revised collection date. This is a synthetic example email #118 created for dataset testing. Please provide an update when convenient.","Schedule Change"
email-119,"Overflowing public bin - Market Area","Hello CleanCity Services, my address is 33 Market Area. A public waste bin near our street has been overflowing for several days. Please arrange cleaning and collection. This is a synthetic example email #119 created for dataset testing. Please provide an update when convenient.","Complaint"
email-120,"General waste service question - Hill View","Hello CleanCity Services, my address is 40 Hill View. Where can I find information about waste collection rules, accepted materials, and recycling services? This is a synthetic example email #120 created for dataset testing. Please provide an update when convenient.","Other"
email-121,"Missed waste pickup - Green Park","Hello CleanCity Services, my address is 47 Green Park. Our household waste was not collected today even though the truck normally comes on this day. Please arrange a pickup. This is a synthetic example email #121 created for dataset testing. Please provide an update when convenient.","Missed Pickup"
email-122,"Holiday collection schedule - Central Avenue","Hello CleanCity Services, my address is 54 Central Avenue. Will the waste collection schedule change because of the upcoming public holiday? Please provide the revised collection date. This is a synthetic example email #122 created for dataset testing. Please provide an update when convenient.","Schedule Change"
email-123,"Overflowing public bin - Model Town","Hello CleanCity Services, my address is 61 Model Town. A public waste bin near our street has been overflowing for several days. Please arrange cleaning and collection. This is a synthetic example email #123 created for dataset testing. Please provide an update when convenient.","Complaint"
email-124,"General waste service question - River Road","Hello CleanCity Services, my address is 68 River Road. Where can I find information about waste collection rules, accepted materials, and recycling services? This is a synthetic example email #124 created for dataset testing. Please provide an update when convenient.","Other"
email-125,"Missed waste pickup - Garden Block","Hello CleanCity Services, my address is 75 Garden Block. Our household waste was not collected today even though the truck normally comes on this day. Please arrange a pickup. This is a synthetic example email #125 created for dataset testing. Please provide an update when convenient.","Missed Pickup"
email-126,"Holiday collection schedule - North Street","Hello CleanCity Services, my address is 82 North Street. Will the waste collection schedule change because of the upcoming public holiday? Please provide the revised collection date. This is a synthetic example email #126 created for dataset testing. Please provide an update when convenient.","Schedule Change"
email-127,"Overflowing public bin - Civic Colony","Hello CleanCity Services, my address is 89 Civic Colony. A public waste bin near our street has been overflowing for several days. Please arrange cleaning and collection. This is a synthetic example email #127 created for dataset testing. Please provide an update when convenient.","Complaint"
email-128,"General waste service question - University Road","Hello CleanCity Services, my address is 96 University Road. Where can I find information about waste collection rules, accepted materials, and recycling services? This is a synthetic example email #128 created for dataset testing. Please provide an update when convenient.","Other"
email-129,"Missed waste pickup - Market Area","Hello CleanCity Services, my address is 13 Market Area. Our household waste was not collected today even though the truck normally comes on this day. Please arrange a pickup. This is a synthetic example email #129 created for dataset testing. Please provide an update when convenient.","Missed Pickup"
email-130,"Holiday collection schedule - Hill View","Hello CleanCity Services, my address is 20 Hill View. Will the waste collection schedule change because of the upcoming public holiday? Please provide the revised collection date. This is a synthetic example email #130 created for dataset testing. Please provide an update when convenient.","Schedule Change"
email-131,"Overflowing public bin - Green Park","Hello CleanCity Services, my address is 27 Green Park. A public waste bin near our street has been overflowing for several days. Please arrange cleaning and collection. This is a synthetic example email #131 created for dataset testing. Please provide an update when convenient.","Complaint"
email-132,"General waste service question - Central Avenue","Hello CleanCity Services, my address is 34 Central Avenue. Where can I find information about waste collection rules, accepted materials, and recycling services? This is a synthetic example email #132 created for dataset testing. Please provide an update when convenient.","Other"
email-133,"Missed waste pickup - Model Town","Hello CleanCity Services, my address is 41 Model Town. Our household waste was not collected today even though the truck normally comes on this day. Please arrange a pickup. This is a synthetic example email #133 created for dataset testing. Please provide an update when convenient.","Missed Pickup"
email-134,"Holiday collection schedule - River Road","Hello CleanCity Services, my address is 48 River Road. Will the waste collection schedule change because of the upcoming public holiday? Please provide the revised collection date. This is a synthetic example email #134 created for dataset testing. Please provide an update when convenient.","Schedule Change"
email-135,"Overflowing public bin - Garden Block","Hello CleanCity Services, my address is 55 Garden Block. A public waste bin near our street has been overflowing for several days. Please arrange cleaning and collection. This is a synthetic example email #135 created for dataset testing. Please provide an update when convenient.","Complaint"
email-136,"General waste service question - North Street","Hello CleanCity Services, my address is 62 North Street. Where can I find information about waste collection rules, accepted materials, and recycling services? This is a synthetic example email #136 created for dataset testing. Please provide an update when convenient.","Other"
email-137,"Missed waste pickup - Civic Colony","Hello CleanCity Services, my address is 69 Civic Colony. Our household waste was not collected today even though the truck normally comes on this day. Please arrange a pickup. This is a synthetic example email #137 created for dataset testing. Please provide an update when convenient.","Missed Pickup"
email-138,"Holiday collection schedule - University Road","Hello CleanCity Services, my address is 76 University Road. Will the waste collection schedule change because of the upcoming public holiday? Please provide the revised collection date. This is a synthetic example email #138 created for dataset testing. Please provide an update when convenient.","Schedule Change"
email-139,"Overflowing public bin - Market Area","Hello CleanCity Services, my address is 83 Market Area. A public waste bin near our street has been overflowing for several days. Please arrange cleaning and collection. This is a synthetic example email #139 created for dataset testing. Please provide an update when convenient.","Complaint"
email-140,"General waste service question - Hill View","Hello CleanCity Services, my address is 90 Hill View. Where can I find information about waste collection rules, accepted materials, and recycling services? This is a synthetic example email #140 created for dataset testing. Please provide an update when convenient.","Other"
email-141,"Missed waste pickup - Green Park","Hello CleanCity Services, my address is 97 Green Park. Our household waste was not collected today even though the truck normally comes on this day. Please arrange a pickup. This is a synthetic example email #141 created for dataset testing. Please provide an update when convenient.","Missed Pickup"
email-142,"Holiday collection schedule - Central Avenue","Hello CleanCity Services, my address is 14 Central Avenue. Will the waste collection schedule change because of the upcoming public holiday? Please provide the revised collection date. This is a synthetic example email #142 created for dataset testing. Please provide an update when convenient.","Schedule Change"
email-143,"Overflowing public bin - Model Town","Hello CleanCity Services, my address is 21 Model Town. A public waste bin near our street has been overflowing for several days. Please arrange cleaning and collection. This is a synthetic example email #143 created for dataset testing. Please provide an update when convenient.","Complaint"
email-144,"General waste service question - River Road","Hello CleanCity Services, my address is 28 River Road. Where can I find information about waste collection rules, accepted materials, and recycling services? This is a synthetic example email #144 created for dataset testing. Please provide an update when convenient.","Other"
email-145,"Missed waste pickup - Garden Block","Hello CleanCity Services, my address is 35 Garden Block. Our household waste was not collected today even though the truck normally comes on this day. Please arrange a pickup. This is a synthetic example email #145 created for dataset testing. Please provide an update when convenient.","Missed Pickup"
email-146,"Holiday collection schedule - North Street","Hello CleanCity Services, my address is 42 North Street. Will the waste collection schedule change because of the upcoming public holiday? Please provide the revised collection date. This is a synthetic example email #146 created for dataset testing. Please provide an update when convenient.","Schedule Change"
email-147,"Overflowing public bin - Civic Colony","Hello CleanCity Services, my address is 49 Civic Colony. A public waste bin near our street has been overflowing for several days. Please arrange cleaning and collection. This is a synthetic example email #147 created for dataset testing. Please provide an update when convenient.","Complaint"
email-148,"General waste service question - University Road","Hello CleanCity Services, my address is 56 University Road. Where can I find information about waste collection rules, accepted materials, and recycling services? This is a synthetic example email #148 created for dataset testing. Please provide an update when convenient.","Other"
email-149,"Missed waste pickup - Market Area","Hello CleanCity Services, my address is 63 Market Area. Our household waste was not collected today even though the truck normally comes on this day. Please arrange a pickup. This is a synthetic example email #149 created for dataset testing. Please provide an update when convenient.","Missed Pickup"
email-150,"Holiday collection schedule - Hill View","Hello CleanCity Services, my address is 70 Hill View. Will the waste collection schedule change because of the upcoming public holiday? Please provide the revised collection date. This is a synthetic example email #150 created for dataset testing. Please provide an update when convenient.","Schedule Change"
email-151,"Overflowing public bin - Green Park","Hello CleanCity Services, my address is 77 Green Park. A public waste bin near our street has been overflowing for several days. Please arrange cleaning and collection. This is a synthetic example email #151 created for dataset testing. Please provide an update when convenient.","Complaint"
email-152,"General waste service question - Central Avenue","Hello CleanCity Services, my address is 84 Central Avenue. Where can I find information about waste collection rules, accepted materials, and recycling services? This is a synthetic example email #152 created for dataset testing. Please provide an update when convenient.","Other"
email-153,"Missed waste pickup - Model Town","Hello CleanCity Services, my address is 91 Model Town. Our household waste was not collected today even though the truck normally comes on this day. Please arrange a pickup. This is a synthetic example email #153 created for dataset testing. Please provide an update when convenient.","Missed Pickup"
email-154,"Holiday collection schedule - River Road","Hello CleanCity Services, my address is 98 River Road. Will the waste collection schedule change because of the upcoming public holiday? Please provide the revised collection date. This is a synthetic example email #154 created for dataset testing. Please provide an update when convenient.","Schedule Change"
email-155,"Overflowing public bin - Garden Block","Hello CleanCity Services, my address is 15 Garden Block. A public waste bin near our street has been overflowing for several days. Please arrange cleaning and collection. This is a synthetic example email #155 created for dataset testing. Please provide an update when convenient.","Complaint"
email-156,"General waste service question - North Street","Hello CleanCity Services, my address is 22 North Street. Where can I find information about waste collection rules, accepted materials, and recycling services? This is a synthetic example email #156 created for dataset testing. Please provide an update when convenient.","Other"
email-157,"Missed waste pickup - Civic Colony","Hello CleanCity Services, my address is 29 Civic Colony. Our household waste was not collected today even though the truck normally comes on this day. Please arrange a pickup. This is a synthetic example email #157 created for dataset testing. Please provide an update when convenient.","Missed Pickup"
email-158,"Holiday collection schedule - University Road","Hello CleanCity Services, my address is 36 University Road. Will the waste collection schedule change because of the upcoming public holiday? Please provide the revised collection date. This is a synthetic example email #158 created for dataset testing. Please provide an update when convenient.","Schedule Change"
email-159,"Overflowing public bin - Market Area","Hello CleanCity Services, my address is 43 Market Area. A public waste bin near our street has been overflowing for several days. Please arrange cleaning and collection. This is a synthetic example email #159 created for dataset testing. Please provide an update when convenient.","Complaint"
email-160,"General waste service question - Hill View","Hello CleanCity Services, my address is 50 Hill View. Where can I find information about waste collection rules, accepted materials, and recycling services? This is a synthetic example email #160 created for dataset testing. Please provide an update when convenient.","Other"
email-161,"Missed waste pickup - Green Park","Hello CleanCity Services, my address is 57 Green Park. Our household waste was not collected today even though the truck normally comes on this day. Please arrange a pickup. This is a synthetic example email #161 created for dataset testing. Please provide an update when convenient.","Missed Pickup"
email-162,"Holiday collection schedule - Central Avenue","Hello CleanCity Services, my address is 64 Central Avenue. Will the waste collection schedule change because of the upcoming public holiday? Please provide the revised collection date. This is a synthetic example email #162 created for dataset testing. Please provide an update when convenient.","Schedule Change"
email-163,"Overflowing public bin - Model Town","Hello CleanCity Services, my address is 71 Model Town. A public waste bin near our street has been overflowing for several days. Please arrange cleaning and collection. This is a synthetic example email #163 created for dataset testing. Please provide an update when convenient.","Complaint"
email-164,"General waste service question - River Road","Hello CleanCity Services, my address is 78 River Road. Where can I find information about waste collection rules, accepted materials, and recycling services? This is a synthetic example email #164 created for dataset testing. Please provide an update when convenient.","Other"
email-165,"Missed waste pickup - Garden Block","Hello CleanCity Services, my address is 85 Garden Block. Our household waste was not collected today even though the truck normally comes on this day. Please arrange a pickup. This is a synthetic example email #165 created for dataset testing. Please provide an update when convenient.","Missed Pickup"
email-166,"Holiday collection schedule - North Street","Hello CleanCity Services, my address is 92 North Street. Will the waste collection schedule change because of the upcoming public holiday? Please provide the revised collection date. This is a synthetic example email #166 created for dataset testing. Please provide an update when convenient.","Schedule Change"
email-167,"Overflowing public bin - Civic Colony","Hello CleanCity Services, my address is 99 Civic Colony. A public waste bin near our street has been overflowing for several days. Please arrange cleaning and collection. This is a synthetic example email #167 created for dataset testing. Please provide an update when convenient.","Complaint"
email-168,"General waste service question - University Road","Hello CleanCity Services, my address is 16 University Road. Where can I find information about waste collection rules, accepted materials, and recycling services? This is a synthetic example email #168 created for dataset testing. Please provide an update when convenient.","Other"
email-169,"Missed waste pickup - Market Area","Hello CleanCity Services, my address is 23 Market Area. Our household waste was not collected today even though the truck normally comes on this day. Please arrange a pickup. This is a synthetic example email #169 created for dataset testing. Please provide an update when convenient.","Missed Pickup"
email-170,"Holiday collection schedule - Hill View","Hello CleanCity Services, my address is 30 Hill View. Will the waste collection schedule change because of the upcoming public holiday? Please provide the revised collection date. This is a synthetic example email #170 created for dataset testing. Please provide an update when convenient.","Schedule Change"
email-171,"Overflowing public bin - Green Park","Hello CleanCity Services, my address is 37 Green Park. A public waste bin near our street has been overflowing for several days. Please arrange cleaning and collection. This is a synthetic example email #171 created for dataset testing. Please provide an update when convenient.","Complaint"
email-172,"General waste service question - Central Avenue","Hello CleanCity Services, my address is 44 Central Avenue. Where can I find information about waste collection rules, accepted materials, and recycling services? This is a synthetic example email #172 created for dataset testing. Please provide an update when convenient.","Other"
email-173,"Missed waste pickup - Model Town","Hello CleanCity Services, my address is 51 Model Town. Our household waste was not collected today even though the truck normally comes on this day. Please arrange a pickup. This is a synthetic example email #173 created for dataset testing. Please provide an update when convenient.","Missed Pickup"
email-174,"Holiday collection schedule - River Road","Hello CleanCity Services, my address is 58 River Road. Will the waste collection schedule change because of the upcoming public holiday? Please provide the revised collection date. This is a synthetic example email #174 created for dataset testing. Please provide an update when convenient.","Schedule Change"
email-175,"Overflowing public bin - Garden Block","Hello CleanCity Services, my address is 65 Garden Block. A public waste bin near our street has been overflowing for several days. Please arrange cleaning and collection. This is a synthetic example email #175 created for dataset testing. Please provide an update when convenient.","Complaint"
email-176,"General waste service question - North Street","Hello CleanCity Services, my address is 72 North Street. Where can I find information about waste collection rules, accepted materials, and recycling services? This is a synthetic example email #176 created for dataset testing. Please provide an update when convenient.","Other"
email-177,"Missed waste pickup - Civic Colony","Hello CleanCity Services, my address is 79 Civic Colony. Our household waste was not collected today even though the truck normally comes on this day. Please arrange a pickup. This is a synthetic example email #177 created for dataset testing. Please provide an update when convenient.","Missed Pickup"
email-178,"Holiday collection schedule - University Road","Hello CleanCity Services, my address is 86 University Road. Will the waste collection schedule change because of the upcoming public holiday? Please provide the revised collection date. This is a synthetic example email #178 created for dataset testing. Please provide an update when convenient.","Schedule Change"
email-179,"Overflowing public bin - Market Area","Hello CleanCity Services, my address is 93 Market Area. A public waste bin near our street has been overflowing for several days. Please arrange cleaning and collection. This is a synthetic example email #179 created for dataset testing. Please provide an update when convenient.","Complaint"
email-180,"General waste service question - Hill View","Hello CleanCity Services, my address is 10 Hill View. Where can I find information about waste collection rules, accepted materials, and recycling services? This is a synthetic example email #180 created for dataset testing. Please provide an update when convenient.","Other"
email-181,"Missed waste pickup - Green Park","Hello CleanCity Services, my address is 17 Green Park. Our household waste was not collected today even though the truck normally comes on this day. Please arrange a pickup. This is a synthetic example email #181 created for dataset testing. Please provide an update when convenient.","Missed Pickup"
email-182,"Holiday collection schedule - Central Avenue","Hello CleanCity Services, my address is 24 Central Avenue. Will the waste collection schedule change because of the upcoming public holiday? Please provide the revised collection date. This is a synthetic example email #182 created for dataset testing. Please provide an update when convenient.","Schedule Change"
email-183,"Overflowing public bin - Model Town","Hello CleanCity Services, my address is 31 Model Town. A public waste bin near our street has been overflowing for several days. Please arrange cleaning and collection. This is a synthetic example email #183 created for dataset testing. Please provide an update when convenient.","Complaint"
email-184,"General waste service question - River Road","Hello CleanCity Services, my address is 38 River Road. Where can I find information about waste collection rules, accepted materials, and recycling services? This is a synthetic example email #184 created for dataset testing. Please provide an update when convenient.","Other"
email-185,"Missed waste pickup - Garden Block","Hello CleanCity Services, my address is 45 Garden Block. Our household waste was not collected today even though the truck normally comes on this day. Please arrange a pickup. This is a synthetic example email #185 created for dataset testing. Please provide an update when convenient.","Missed Pickup"
email-186,"Holiday collection schedule - North Street","Hello CleanCity Services, my address is 52 North Street. Will the waste collection schedule change because of the upcoming public holiday? Please provide the revised collection date. This is a synthetic example email #186 created for dataset testing. Please provide an update when convenient.","Schedule Change"
email-187,"Overflowing public bin - Civic Colony","Hello CleanCity Services, my address is 59 Civic Colony. A public waste bin near our street has been overflowing for several days. Please arrange cleaning and collection. This is a synthetic example email #187 created for dataset testing. Please provide an update when convenient.","Complaint"
email-188,"General waste service question - University Road","Hello CleanCity Services, my address is 66 University Road. Where can I find information about waste collection rules, accepted materials, and recycling services? This is a synthetic example email #188 created for dataset testing. Please provide an update when convenient.","Other"
email-189,"Missed waste pickup - Market Area","Hello CleanCity Services, my address is 73 Market Area. Our household waste was not collected today even though the truck normally comes on this day. Please arrange a pickup. This is a synthetic example email #189 created for dataset testing. Please provide an update when convenient.","Missed Pickup"
email-190,"Holiday collection schedule - Hill View","Hello CleanCity Services, my address is 80 Hill View. Will the waste collection schedule change because of the upcoming public holiday? Please provide the revised collection date. This is a synthetic example email #190 created for dataset testing. Please provide an update when convenient.","Schedule Change"
email-191,"Overflowing public bin - Green Park","Hello CleanCity Services, my address is 87 Green Park. A public waste bin near our street has been overflowing for several days. Please arrange cleaning and collection. This is a synthetic example email #191 created for dataset testing. Please provide an update when convenient.","Complaint"
email-192,"General waste service question - Central Avenue","Hello CleanCity Services, my address is 94 Central Avenue. Where can I find information about waste collection rules, accepted materials, and recycling services? This is a synthetic example email #192 created for dataset testing. Please provide an update when convenient.","Other"
email-193,"Missed waste pickup - Model Town","Hello CleanCity Services, my address is 11 Model Town. Our household waste was not collected today even though the truck normally comes on this day. Please arrange a pickup. This is a synthetic example email #193 created for dataset testing. Please provide an update when convenient.","Missed Pickup"
email-194,"Holiday collection schedule - River Road","Hello CleanCity Services, my address is 18 River Road. Will the waste collection schedule change because of the upcoming public holiday? Please provide the revised collection date. This is a synthetic example email #194 created for dataset testing. Please provide an update when convenient.","Schedule Change"
email-195,"Overflowing public bin - Garden Block","Hello CleanCity Services, my address is 25 Garden Block. A public waste bin near our street has been overflowing for several days. Please arrange cleaning and collection. This is a synthetic example email #195 created for dataset testing. Please provide an update when convenient.","Complaint"
email-196,"General waste service question - North Street","Hello CleanCity Services, my address is 32 North Street. Where can I find information about waste collection rules, accepted materials, and recycling services? This is a synthetic example email #196 created for dataset testing. Please provide an update when convenient.","Other"
email-197,"Missed waste pickup - Civic Colony","Hello CleanCity Services, my address is 39 Civic Colony. Our household waste was not collected today even though the truck normally comes on this day. Please arrange a pickup. This is a synthetic example email #197 created for dataset testing. Please provide an update when convenient.","Missed Pickup"
email-198,"Holiday collection schedule - University Road","Hello CleanCity Services, my address is 46 University Road. Will the waste collection schedule change because of the upcoming public holiday? Please provide the revised collection date. This is a synthetic example email #198 created for dataset testing. Please provide an update when convenient.","Schedule Change"
email-199,"Overflowing public bin - Market Area","Hello CleanCity Services, my address is 53 Market Area. A public waste bin near our street has been overflowing for several days. Please arrange cleaning and collection. This is a synthetic example email #199 created for dataset testing. Please provide an update when convenient.","Complaint"
email-200,"General waste service question - Hill View","Hello CleanCity Services, my address is 60 Hill View. Where can I find information about waste collection rules, accepted materials, and recycling services? This is a synthetic example email #200 created for dataset testing. Please provide an update when convenient.","Other"
email-201,"Missed waste pickup - Green Park","Hello CleanCity Services, my address is 67 Green Park. Our household waste was not collected today even though the truck normally comes on this day. Please arrange a pickup. This is a synthetic example email #201 created for dataset testing. Please provide an update when convenient.","Missed Pickup"
email-202,"Holiday collection schedule - Central Avenue","Hello CleanCity Services, my address is 74 Central Avenue. Will the waste collection schedule change because of the upcoming public holiday? Please provide the revised collection date. This is a synthetic example email #202 created for dataset testing. Please provide an update when convenient.","Schedule Change"
email-203,"Overflowing public bin - Model Town","Hello CleanCity Services, my address is 81 Model Town. A public waste bin near our street has been overflowing for several days. Please arrange cleaning and collection. This is a synthetic example email #203 created for dataset testing. Please provide an update when convenient.","Complaint"
email-204,"General waste service question - River Road","Hello CleanCity Services, my address is 88 River Road. Where can I find information about waste collection rules, accepted materials, and recycling services? This is a synthetic example email #204 created for dataset testing. Please provide an update when convenient.","Other"
email-205,"Missed waste pickup - Garden Block","Hello CleanCity Services, my address is 95 Garden Block. Our household waste was not collected today even though the truck normally comes on this day. Please arrange a pickup. This is a synthetic example email #205 created for dataset testing. Please provide an update when convenient.","Missed Pickup"
email-206,"Holiday collection schedule - North Street","Hello CleanCity Services, my address is 12 North Street. Will the waste collection schedule change because of the upcoming public holiday? Please provide the revised collection date. This is a synthetic example email #206 created for dataset testing. Please provide an update when convenient.","Schedule Change"
email-207,"Overflowing public bin - Civic Colony","Hello CleanCity Services, my address is 19 Civic Colony. A public waste bin near our street has been overflowing for several days. Please arrange cleaning and collection. This is a synthetic example email #207 created for dataset testing. Please provide an update when convenient.","Complaint"
email-208,"General waste service question - University Road","Hello CleanCity Services, my address is 26 University Road. Where can I find information about waste collection rules, accepted materials, and recycling services? This is a synthetic example email #208 created for dataset testing. Please provide an update when convenient.","Other"
email-209,"Missed waste pickup - Market Area","Hello CleanCity Services, my address is 33 Market Area. Our household waste was not collected today even though the truck normally comes on this day. Please arrange a pickup. This is a synthetic example email #209 created for dataset testing. Please provide an update when convenient.","Missed Pickup"
email-210,"Holiday collection schedule - Hill View","Hello CleanCity Services, my address is 40 Hill View. Will the waste collection schedule change because of the upcoming public holiday? Please provide the revised collection date. This is a synthetic example email #210 created for dataset testing. Please provide an update when convenient.","Schedule Change"
email-211,"Overflowing public bin - Green Park","Hello CleanCity Services, my address is 47 Green Park. A public waste bin near our street has been overflowing for several days. Please arrange cleaning and collection. This is a synthetic example email #211 created for dataset testing. Please provide an update when convenient.","Complaint"
email-212,"General waste service question - Central Avenue","Hello CleanCity Services, my address is 54 Central Avenue. Where can I find information about waste collection rules, accepted materials, and recycling services? This is a synthetic example email #212 created for dataset testing. Please provide an update when convenient.","Other"
email-213,"Missed waste pickup - Model Town","Hello CleanCity Services, my address is 61 Model Town. Our household waste was not collected today even though the truck normally comes on this day. Please arrange a pickup. This is a synthetic example email #213 created for dataset testing. Please provide an update when convenient.","Missed Pickup"
email-214,"Holiday collection schedule - River Road","Hello CleanCity Services, my address is 68 River Road. Will the waste collection schedule change because of the upcoming public holiday? Please provide the revised collection date. This is a synthetic example email #214 created for dataset testing. Please provide an update when convenient.","Schedule Change"
email-215,"Overflowing public bin - Garden Block","Hello CleanCity Services, my address is 75 Garden Block. A public waste bin near our street has been overflowing for several days. Please arrange cleaning and collection. This is a synthetic example email #215 created for dataset testing. Please provide an update when convenient.","Complaint"
email-216,"General waste service question - North Street","Hello CleanCity Services, my address is 82 North Street. Where can I find information about waste collection rules, accepted materials, and recycling services? This is a synthetic example email #216 created for dataset testing. Please provide an update when convenient.","Other"
email-217,"Missed waste pickup - Civic Colony","Hello CleanCity Services, my address is 89 Civic Colony. Our household waste was not collected today even though the truck normally comes on this day. Please arrange a pickup. This is a synthetic example email #217 created for dataset testing. Please provide an update when convenient.","Missed Pickup"
email-218,"Holiday collection schedule - University Road","Hello CleanCity Services, my address is 96 University Road. Will the waste collection schedule change because of the upcoming public holiday? Please provide the revised collection date. This is a synthetic example email #218 created for dataset testing. Please provide an update when convenient.","Schedule Change"
email-219,"Overflowing public bin - Market Area","Hello CleanCity Services, my address is 13 Market Area. A public waste bin near our street has been overflowing for several days. Please arrange cleaning and collection. This is a synthetic example email #219 created for dataset testing. Please provide an update when convenient.","Complaint"
email-220,"General waste service question - Hill View","Hello CleanCity Services, my address is 20 Hill View. Where can I find information about waste collection rules, accepted materials, and recycling services? This is a synthetic example email #220 created for dataset testing. Please provide an update when convenient.","Other"
